referenced_as_file_hotspot,files,f0_
false,78973443,0.10677201464555372
true,28454,0.4312121030691727
