referenced_as_low_quality,files,hit_rate_avg,ccp_avg
false,78991065,0.10684004745471593,0.08087057946075922
true,10832,0.4629051595250373,0.52702016488487191
