f0_,avg_commits_diff_3_months,avg_bug_ratio_3_months,avg_refactor_diff_3_months,avg_commits_diff_6_months,avg_bug_ratio_6_months,avg_refactor_diff_6_months
213,-9.032863849765263,-0.013649385769267972,-0.9342723004694836,-21.64319248826291,-0.010468577021144367,-1.7934272300469487
